{
    "Accuracy": 0.9533333333333334,
    "AUROC": 0.9444444444444444,
    "F1Score": 0.9411764705882353,
    "ConfusionMatrix": [
        [
            87,
            0
        ],
        [
            7,
            56
        ]
    ]
}